Time,S1_N,S2_N,S3_N,S4_N,Total_N,Accel_X,Accel_Y,Accel_Z,Real_Hz
00:02.9,0,0,0,0,0,1.02,9.3,5.92,20
00:03.1,0,0,0,0,0,0.98,9.3,5.88,5
00:03.2,0,0,0,0,0,1.02,9.22,5.88,8.8
00:03.3,0,0,0,0,0,1.14,9.02,5.96,9.4
00:03.5,0,0,0,0,0,0.9,10.08,5.22,5
00:03.6,0,0,0,0,0,1.41,10.12,5.73,8.8
00:03.7,0,0,0,0,0,-0.2,9.81,4.59,9.3
00:03.9,0,0,0,0,0,1.57,9.73,5.18,5
00:04.0,0,0,0,0,0,1.53,8.2,6,8.6
00:04.1,0,0,0,0,0,1.33,8.04,8.47,9.1
00:04.2,0,0,0,0,0,0.82,9.77,5.61,20
00:04.4,0,0,0,0,0,0.9,9.26,5.81,5.1
00:04.5,0,0,0,0.21,0.21,1.06,9.14,5.77,8.8
00:04.6,0,0,1.55,2.87,4.42,0.67,9.34,5.96,9.3
00:04.8,0.44,1.32,5.35,5.87,12.97,0.55,9.06,6.12,5
00:04.9,0.3,1.85,17,8.98,28.14,1.02,9.1,6,8.7
00:05.0,0,1.22,21.81,21.39,44.41,1.06,9.14,6.2,9.3
00:05.2,0,0,23.76,26.22,49.98,1.06,8.83,5.57,5
00:05.3,0,0,23.56,29.96,53.51,0.98,9.38,6.04,8.1
00:05.4,0,0,23.87,32.18,56.05,0.98,9.18,6.08,9.3
00:05.6,0,0,24.03,31.64,55.67,1.06,9.14,6.12,5
00:05.8,0.53,0.97,24.77,27,53.27,1.26,9.34,6.12,8.8
00:05.9,2.28,2.49,5.58,0,10.35,0.16,14.67,7.77,9.3
00:06.1,0,0,0.74,0,0.74,-2.63,5.65,-0.63,5
00:06.2,0,0,0,0,0,2.16,10.12,6.98,8.8
00:06.3,0,0,0,0,0,3.88,10.79,10.94,9.3
00:06.5,0,0,0,0,0,0.86,9.69,9.73,5
00:06.6,0,0,0,0,0,1.06,8.83,5.96,8.6
00:06.7,0,0,0,0,0,0.55,9.45,6,9.3
00:06.9,0.13,1.26,2.8,1.3,5.49,0.86,9.18,6,5.1
00:07.0,1.46,2.96,7.39,4.36,16.17,0.78,9.18,6.08,8.8
00:07.1,2.35,4.35,22.63,7.53,36.87,0.82,9.14,6.16,9.2
00:07.3,2.23,4.37,29.27,18.4,54.26,0.78,9.18,6.12,5.1
00:07.4,1.43,3.48,29.84,20.66,55.41,0.82,9.18,6.04,8.8
00:07.6,0.88,2.9,27.55,20.73,52.06,0.9,9.22,6.04,9.2
00:07.8,0.67,2.53,26.02,18.9,48.12,0.9,9.14,6.08,5
00:07.9,1.15,2.39,24.2,17.3,45.04,0.94,9.26,6.04,8.5
00:08.0,1.88,2.31,22.57,8.57,35.33,0.9,9.26,6.04,9.3
00:08.2,2.45,3.2,21.46,6.42,33.53,0.82,9.3,6.16,5
00:08.3,3.27,4.52,19.49,3.99,31.27,1.02,9.1,6.32,8.8
00:08.4,4.08,5.8,8.75,0.97,19.6,1.06,9.22,6.43,9.3
00:08.6,5.52,7.85,4.69,0,18.07,1.29,8.71,6.75,5
00:08.7,6.88,17.98,3.96,0,28.82,1.1,8.04,6.86,8.7
00:08.8,7.65,22.03,5.93,0,35.61,0.59,8.36,7.18,9.3
00:09.0,6.45,25.09,8.73,0,40.27,0.86,8.47,6.47,5
00:09.1,4.59,25.72,22.35,0,52.67,1.33,9.1,6.63,8.3
00:09.2,3.99,26.05,27.39,0,57.44,1.14,8.83,6.51,9.3
00:09.4,3.13,24.67,30.66,0,58.47,0.94,9.49,6.51,5
00:09.6,3.94,25.07,25.16,0,54.17,1.33,8.79,6.59,8.8
00:09.7,4.09,24.02,8.03,0,36.13,1.22,8.55,6.59,9.3
00:09.9,2.88,21.37,6.89,0,31.15,1.06,9.3,6.71,5
00:10.0,3.73,22.36,3.56,0,29.65,1.49,9.69,7.22,8.7
00:10.1,4.68,21.98,0.19,0,26.86,0.75,8.71,7.65,9.3
00:10.3,6.65,21.97,0,0,28.62,1.1,7.06,8.39,5
00:10.4,17.28,23.23,0,0,40.51,1.29,6.04,8.9,8.1
00:10.5,21.87,26.04,0,0,47.92,0.43,6.08,9.34,9.3
00:10.7,25.88,29.28,0,0,55.15,0.78,6,9.65,5
00:10.8,28.63,31.8,0,0,60.44,0.9,6.12,9.81,8.8
00:10.9,30.51,33.56,0,0,64.08,0.35,5.53,9.77,9
00:11.1,31.53,34.51,0,0,66.05,0.78,6.16,9.61,5
00:11.3,31.4,35.78,0,0,67.18,0.86,5.96,9.1,8.8
00:11.4,29.76,37.73,0,0,67.49,0.24,6.9,8.94,9.2
00:11.6,25.4,38.77,0,0,64.17,0.55,8.63,8.04,4.9
00:11.7,22.62,37.5,0,0,60.12,0.86,8.94,7.41,8.8
00:11.8,21.07,34.14,1.1,0,56.31,1.41,9.14,6.94,9.3
00:12.0,7.73,22.52,4.42,0,34.68,1.45,8.83,6.47,5
00:12.1,1.93,7.59,7.95,0,17.47,1.1,9.3,6.24,8.8
00:12.2,0.67,5.55,19.49,0.05,25.77,1.14,9.1,6.24,9.2
00:12.4,0.66,4.84,23.77,1.89,31.16,1.14,9.06,6.12,5.1
00:12.5,1.17,4.9,28.93,4.06,39.05,1.02,9.18,6.12,8.7
00:12.6,2.09,5.44,34.08,6.24,47.84,1.14,9.06,6.2,9.3
00:12.8,3.22,6.11,39.14,16.67,65.14,1.1,9.14,6.47,4.9
00:13.0,4.11,6.36,41.64,20.38,72.49,1.14,8.94,6.16,8.7
00:13.1,1.31,4.66,43,23.74,72.72,1.14,9.1,6.2,9.2
00:13.3,0,0.05,33.43,24.85,58.33,0.82,9.18,5.88,5.1
00:13.4,0,0,17.58,24.32,41.9,0.67,9.41,5.45,8.8
00:13.5,0,0,6.32,23.64,29.97,0.63,9.81,4.86,9.3
00:13.7,0,0,3.99,21.43,25.42,0.71,10,3.96,5
00:13.8,0,0,3.26,18.91,22.17,0.82,10.08,3.41,8.8
00:13.9,0,0,3.17,18.22,21.39,0.71,10.2,3.02,9.3
00:14.1,0,0,3.3,19.6,22.9,0.59,10.04,3.41,4.9
00:14.2,0,0.1,2.98,20.19,23.27,0.67,10.08,3.18,8.7
00:14.3,0,0.29,2.59,19.7,22.58,0.86,10.16,2.67,9.3
00:14.5,0,0.45,2.22,18.31,20.98,0.82,10.16,2.35,4.9
00:14.6,0,0.61,2.03,18.06,20.71,0.9,10.2,2.24,8.8
00:14.8,0,0.7,1.94,18.22,20.85,0.86,10.16,2.43,9.3
00:15.0,0,0.83,2.18,20.88,23.89,0.51,10.2,2.59,5
00:15.1,0,0.95,2.42,24.28,27.65,0.47,10.28,2.82,8.7
00:15.2,0,0.83,2.02,25.37,28.22,0.51,10.24,2.79,9.3
00:15.4,0,0.34,0.21,21.78,22.33,0.63,10.04,3.37,4.9
00:15.5,0,0.14,0,20.12,20.25,0.75,10.08,3.61,8.3
00:15.6,0,0.15,0,20.79,20.94,0.71,9.96,4.04,9.3
00:15.8,0,0.09,0,24.88,24.97,0.86,9.85,4.55,5
00:15.9,0,0.06,0,28.81,28.88,0.78,9.85,4.82,8.8
00:16.0,0,0.53,0.32,31.86,32.71,0.86,9.57,5.1,9.3
00:16.2,0.1,1.82,3.53,31.15,36.61,0.78,9.45,6.12,5
00:16.3,2.88,4.18,7.34,22.05,36.46,0.75,9.92,7.92,8.8
00:16.4,6.61,7.07,17.91,7.65,39.25,1.45,8.67,6.39,9.2
00:16.7,18.82,9.74,20.03,6,54.58,1.49,8.94,6.51,4.9
00:16.8,23.97,20.34,21.41,5.44,71.17,1.53,9.06,6.83,8.8
00:16.9,25.74,21.96,21.26,5.04,73.99,1.53,8.79,6.59,9.2
00:17.1,7.48,8.03,3.74,1.44,20.7,1.26,8.83,6.43,5
00:17.2,3.08,4.19,3.03,0,10.3,1.22,9.18,6.24,8.8
00:17.3,1.56,3.13,1.16,0,5.85,0.75,9.06,6.2,9.2
00:17.5,1.12,3.24,0.76,0,5.12,1.29,8.83,6.35,5
00:17.6,0,2.71,1.81,0,4.53,1.14,9.06,6.32,8.8
00:17.7,0,2.51,3.21,0,5.72,1.06,8.94,6.35,9.3
00:17.9,0,3.8,7.33,0,11.13,0.94,9.18,6.24,4.9
00:18.0,0,6.17,21.96,0.56,28.69,1.06,8.87,6.35,8.8
00:18.1,0,8.41,31.87,0.77,41.05,0.78,9.18,6.35,9.3
00:18.3,0,21.41,40.1,0,61.52,0.55,9.18,6.67,5
00:18.5,1.74,28.76,41.63,0,72.13,0.98,8.39,6.83,8.8
00:18.6,4.74,35,36.1,0,75.84,1.33,8.71,6.9,9.2
00:18.8,9,39.08,18.72,0,66.81,0.94,8,6.67,5
00:18.9,23.44,39.95,6.48,0,69.86,1.69,9.18,6.94,8.8
00:19.0,29.04,37.61,2.53,0,69.18,1.33,8.43,6.59,9.2
00:19.2,30.42,29.08,0.53,0,60.03,1.8,8.94,6.55,4.9
00:19.3,26.37,20.38,0,0,46.75,1.73,9.26,6.71,8.8
00:19.4,21.71,7.46,0,0,29.17,1.77,8.79,6.39,9.3
00:19.6,7.11,3.8,0,1.19,12.1,1.29,8.9,6.28,5
00:19.7,4.52,1.96,0,3.12,9.6,1.33,9.22,6.08,8.7
00:19.8,2.49,0.99,0.91,5.09,9.49,1.14,9.14,6.12,9.3
00:20.0,3.02,1.89,3.72,7.06,15.69,1.02,9.22,6.04,5
00:20.1,4.22,3.07,7.54,8.37,23.2,0.94,9.18,6.16,8.8
00:20.3,5.49,4.32,21.4,16.7,47.91,0.78,9.34,6.2,9.3
00:20.5,7.5,5.93,29.46,16.64,59.53,0.86,9.18,6.12,4.9
00:20.6,17.55,7.37,35.63,8.88,69.42,0.82,9.02,6.2,8.4
00:20.7,20.2,8.33,39.61,8.62,76.75,0.9,9.18,6.2,9.3
00:20.9,24.52,9.06,40.31,8.1,82,0.94,9.14,6.2,5.1
00:21.0,29.21,17.39,40.16,7.39,94.15,0.98,9.18,6.16,8.7
00:21.1,33.57,18.91,40.08,5.94,98.5,0.9,9.41,6.39,9.3
00:21.3,37.06,22.13,40.56,2.95,102.7,1.1,8.9,6.43,5
00:21.4,36.34,24.31,42.42,2.3,105.37,0.86,9.1,6.39,8.7
00:21.5,35.17,25.31,42.84,2.05,105.37,1.02,9.06,6.39,9.3
00:21.7,29.53,26.3,40.33,1.08,97.24,1.22,8.9,6.43,4.9
00:21.8,27.52,27.31,38.69,0.12,93.63,1.22,8.9,6.51,8.8
00:22.0,26.6,27.84,37.46,0,91.9,1.22,8.94,6.47,9.3
00:22.2,25.45,28.37,36.87,0,90.69,1.14,8.98,6.51,5
00:22.3,25.59,29.77,36.15,0,91.51,1.14,8.94,6.51,8.8
00:22.4,26.62,32.08,33.45,0,92.15,1.29,8.63,6.71,9.3
00:22.6,26.41,33.36,33.67,0,93.44,1.29,8.79,6.63,5
00:22.7,25.83,32.29,33.78,0,91.9,1.37,8.83,6.47,8.8
00:22.8,24,26.76,32.38,0.05,83.19,1.49,9.45,6.59,9
00:22.8,23.16,24.57,32.06,1.6,81.39,1.37,9.26,6.39,20
00:23.0,23.55,25.9,34.06,2.45,85.97,1.33,8.94,6.51,5
00:23.2,23.75,26.14,33.98,3.33,87.2,1.49,8.87,6.51,8.8
00:23.3,23.24,24.51,33.93,4.6,86.29,1.53,9.14,6.51,9.2
00:23.5,24.22,27.8,29.53,0,81.55,1.57,13.57,8.12,5
00:23.6,5.69,19.02,1.34,0,26.06,-1.22,10.47,7.06,8.8
00:23.7,1.01,2.93,0,0,3.94,-1.33,10.67,-0.51,9.2
00:23.9,0.99,1.46,0,0,2.45,0.35,9.85,8.08,5
00:24.0,1,0.91,0,0,1.91,2.55,9.41,7.69,8.5
00:24.1,0.71,0.38,0,0,1.1,0.08,10,9.73,9.2
00:24.3,1.42,0.9,0,0,2.32,0.39,9.14,5.57,4.9
00:24.4,1.61,0.93,0,0,2.54,0.86,9.57,5.96,8.8
00:24.5,2.47,1.89,1.06,2.59,8.01,1.1,9.14,6.28,8.8
00:24.7,5.06,4.46,4.84,3.45,17.81,1.06,8.98,6.32,5
00:24.9,7.3,7.52,17.67,2.31,34.79,0.86,8.94,6.32,8.8
00:25.0,9.07,18.72,26.4,0.87,55.06,0.9,9.3,6.71,9.1
00:25.2,19.22,24.9,35.37,0,79.48,0.86,8.94,6.75,5
00:25.3,22.27,30.56,40.98,0,93.81,0.55,8.24,6.83,8.5
00:25.4,24.98,34.3,43.81,0,103.08,1.33,9.18,6.86,9.2
00:25.6,27.3,39.11,37.83,0,104.24,1.84,9.89,7.49,5
00:25.7,26.01,43.08,18.43,0,87.52,1.33,11.96,8.28,8.3
00:25.8,5.22,29.8,0.07,0,35.1,0.78,10.2,9.26,9.2
00:26.0,0,1.27,0,0,1.27,1.33,8.39,2,5
00:26.1,0,0.56,0,0,0.56,1.26,13.14,7.1,8.8
00:26.2,0,0.46,0,0,0.46,-1.26,12.28,9.49,9.1
00:26.4,0,0,0,0,0,0.31,9.02,6.24,5
00:26.6,0,0,0,0,0,0.12,9.77,8.87,8.5
00:26.7,0,0,0,0,0,3.3,10.63,0.75,9.2
00:26.9,0,0.07,0,0,0.07,-0.12,8,6.39,5
00:27.0,0.54,2.25,0,0.42,3.21,1.14,8.98,6.08,8.8
00:27.1,3.38,5.24,2.81,1.23,12.65,1.1,9.02,6.32,9.1
00:27.3,6.9,9.28,7.46,0,23.65,1.18,9.22,6.51,5
00:27.4,18.26,23.55,22.94,0,64.75,0.47,8.39,6.63,8.7
00:27.5,21.48,30.17,31.06,0,82.72,0.86,8.63,6.94,9.1
00:27.7,22.1,36.8,28.92,0,87.82,0.67,9.02,7.53,5
00:27.8,7.44,37.83,7.33,0,52.6,1.14,9.73,8.28,8.5
00:28.0,0.64,20.61,0,0,21.26,0.27,5.65,8.39,9.1
00:28.2,0,7.45,0,0,7.45,-1.41,5.45,11.3,5
00:28.3,0,0,0,0,0,-0.82,5.73,10.51,8.8
00:28.4,0,0,0,0,0,2.43,8.32,2.2,9.2
00:28.6,0,0,0,0,0,-1.8,11.34,10.36,5
00:28.7,0,0,0,0,0,2.28,9.53,9.22,8.7
00:28.8,0,0,0,0,0,1.37,6.98,9.06,9.2
00:29.0,0,0,0,0,0,0.51,8.9,5.92,5
00:29.1,0,0,0,0,0,0.86,9.18,5.88,8.5
00:29.2,0,0.73,1.86,1.42,4.02,0.98,9.26,6.2,9.2
00:29.4,0.3,3.02,5.84,3.2,12.36,0.86,8.71,5.81,5
00:29.5,3.11,6.14,19.15,3.57,31.97,1.02,9.26,6.24,8.7
00:29.7,6.67,9.61,26.48,2.25,45.01,1.22,9.02,6.43,9.1
00:29.9,19.64,22.87,30.73,1.28,74.51,1.33,8.9,6.51,5
00:30.0,25.69,26.05,31.56,1.81,85.11,1.37,8.71,6.47,8.7
00:30.1,27.71,25.76,33.05,3.33,89.85,1.33,9.53,6.51,9.1
00:30.3,20.78,19.27,3.38,0,43.43,0.63,10.2,7.53,5
00:30.4,1.44,2.55,0,0,4,-0.47,7.96,9.02,8.5
00:30.5,0,0,0,0,0,-2.94,7.81,0.51,9.1
00:30.7,0,0,0,0,0,2,10.55,7.3,5
00:30.8,0,0,0,0,0,1.61,11.14,7.92,8.4
00:30.9,0,0,0,0,0,0.35,8.75,8.55,9.1
00:31.1,0,0,0,0,0,0.27,9.45,6.51,5
00:31.3,0,0,0,0,0,0.67,9.49,5.14,8.8
00:31.4,0,0,0,0,0,0.63,9.18,5.61,9.3
00:31.6,0,0.3,0.2,1.72,2.21,0.55,9.18,5.92,5
00:31.7,0,2.02,3.91,4.73,10.66,0.59,8.9,5.81,8.5
00:31.8,0,3.9,17.11,7.28,28.29,0.51,9.45,6.67,9.3
00:32.0,0.13,6.72,28.74,5.9,41.49,0.63,9.26,6.55,4.9
00:32.1,1.33,17.41,40.61,3.69,63.03,0.59,9.06,6.24,8.8
00:32.2,3.51,22.5,44.8,3.4,74.21,1.77,9.06,6.39,9.2
00:32.4,6.99,27.49,41.2,0.83,76.51,1.26,8.75,6.59,5
00:32.5,19.22,32.01,39.58,0,90.81,1.29,9.14,6.71,8.8
00:32.6,23.23,36.36,24.32,0,83.91,1.33,10,7.26,9.2
00:32.8,1.23,18.91,0,0,20.14,-1.26,8.28,8.9,5
00:33.0,0,1.14,0,0,1.14,0.47,8.12,0.31,8.5
00:33.1,0,0,0,0,0,1.02,10.9,5.77,9.2
00:33.3,0,0,0,0,0,0.16,8.71,11.18,5
00:33.4,0,0,0,0,0,-0.16,9.34,9.49,8.8
00:33.5,0,0,0,0,0,0.39,12.28,3.49,9.3
00:33.7,0,0,0,0,0,0.43,9.1,5.84,5
00:33.8,0,0.27,0.87,1.59,2.73,0.59,9.3,5.96,8.8
00:33.9,0,2.17,4.58,4.55,11.3,1.14,8.98,6.08,9.2
00:34.1,1.66,5.3,17.2,4.16,28.32,1.14,8.94,6.59,5
00:34.2,4.89,9.22,25.24,1.65,40.99,1.14,9.02,6.43,8.5
00:34.3,8.67,23.08,31.19,0,62.94,1.22,9.02,6.55,9.2
00:34.5,22.77,30.1,27.86,0,80.72,1.14,9.18,6.75,4.9
00:34.7,29.42,36.33,21.21,0,86.96,1.65,9.34,7.06,8.8
00:34.8,31.93,39.88,4.7,0,76.52,1.45,10.55,7.65,9.2
00:35.0,2.93,6.33,0,0,9.26,0.67,6.24,10.04,5
00:35.1,0,0,0,0,0,2.47,6.86,1.92,8.7
00:35.2,0,0,0,0,0,0.39,9.96,6.51,9.3
00:35.4,0,0,0,0,0,0.82,10.2,6.94,5
00:35.5,0,0,0,0,0,0.12,9.81,7.57,8.5
00:35.6,0,0,0,0,0,0.47,8.79,7.61,9.3
00:35.8,0,0,0,0,0,1.57,10.36,2.9,5
00:35.9,0,0,0,0,0,0.67,9.53,5.1,8.4
00:36.0,0,0,0,1.4,1.4,0.55,9.22,5.77,9.2
00:36.2,0,1.34,3.24,4.1,8.68,0.63,9.41,6,5
00:36.4,0,3.43,8.83,4.44,16.69,0.39,9.06,6.24,8.7
00:36.5,0,5.81,28.23,3.93,37.97,0.59,8.94,5.77,9.3
00:36.7,0.44,9.11,36.41,4.85,50.8,0.98,9.1,6.12,5
00:36.8,3,21.35,40.59,4.02,68.96,1.61,8.98,6.16,8.8
00:36.9,6.05,26.91,44.18,1.03,78.18,1.22,9.06,6.51,8.9
00:36.9,8.94,31.63,46.86,0,87.43,1.18,8.83,6.47,20
00:37.1,20.47,36.95,48.31,0,105.72,1.1,8.94,6.86,5
00:37.3,23.44,41.77,46.3,0,111.52,0.75,9.02,7.02,8.7
00:37.4,23.29,45.22,30.91,0,99.42,0.31,9.3,7.26,9.2
00:37.6,7.23,43.5,5.39,0,56.11,0.27,7.85,8.16,5
00:37.7,4.96,41.09,1.04,0,47.09,0.2,7.49,8.55,8.8
00:37.8,3.47,36,0,0,39.47,-0.24,7.45,9.3,9.2
00:38.0,0,3.52,0,0,3.52,-0.78,5.02,10.94,4.9
00:38.1,0,0,0,0,0,-0.43,8.51,4.75,8.8
00:38.2,0,0,0,0,0,0.43,8.36,4.55,9.3
00:38.4,0,0,0,0,0,2.47,11.38,8.63,5
00:38.5,0,0,0,0,0,0.86,9.41,7.77,8.8
00:38.6,0,0,0,0,0,1.02,9.49,14.55,9.2
00:38.8,0,0,0,0,0,0.71,9.81,4.94,5
00:39.0,0,0,0,0.14,0.14,0.47,9.69,5.61,8.8
00:39.1,0,0.77,2.32,2.84,5.94,0.82,9.22,5.96,9.2
00:39.3,0,3.56,7.03,4.14,14.73,0.86,8.98,5.92,5
00:39.4,2.58,7.29,22.98,2.27,35.12,0.94,9.22,6.2,8.5
00:39.5,5.92,20.23,32.8,0,58.95,0.98,9.22,6.24,9.1
00:39.7,17.03,27.78,40.79,0,85.6,1.22,8.9,6.51,5
00:39.8,21.7,34.67,44.91,0,101.27,0.94,8.9,6.79,8.8
00:39.9,24.41,40.81,45.94,0,111.15,0.75,8.75,6.9,9.2
00:40.1,23.36,47.16,33.58,0,104.1,0.59,10.4,7.73,5
00:40.2,5.61,49.57,5.5,0,60.68,-0.16,8.51,8.24,8.7
00:40.3,0.75,32,0,0,32.75,-0.63,6.24,9.61,9.2
00:40.5,0,0,0,0,0,-1.73,-0.47,4.47,4.9
00:40.7,0,0,0,0,0,3.57,6.83,2.08,8.8
00:40.8,0,0,0,0,0,1.8,9.69,5.33,9.2
00:41.0,0,0,0,0,0,-1.45,10.55,8.08,4.8
00:41.1,0,0,0,0,0,1.22,9.06,7.1,8.8
00:41.2,0,0,0,0,0,1.61,9.57,7.45,9.2
00:41.4,0,0,0,0,0,0.35,10,3.69,5
00:41.5,0,0,0,0,0,0.67,9.77,4.59,8.8
00:41.6,0,0,0,1.53,1.53,0.86,9.22,5.53,9.2
00:41.8,0,0,2.07,4.62,6.69,0.51,9.45,5.88,4.9
00:41.9,0,0.19,7.21,5.78,13.19,0.2,9.38,5.81,8.8
00:42.1,0,1.12,25.48,3.31,29.91,-0.39,9.06,6,9.2
00:42.3,0,2.67,39.94,2.27,44.88,0,9.3,6.47,4.9
00:42.4,0,5.37,50.55,3.19,59.11,1.45,9.57,6.28,8.8
00:42.5,0,8.53,53.39,3.81,65.73,1.49,8.9,6.28,9.3
00:42.7,2.05,19.71,50.01,2.9,74.68,1.37,9.06,6.43,5
00:42.8,5.34,23.98,45.77,0.69,75.77,1.49,8.98,6.47,8.8
00:42.9,17,27.72,38.1,0,82.82,1.61,8.87,6.51,9.1
00:43.2,18.68,25.64,0.05,0,44.37,1.41,9.92,7.57,3.5
00:43.4,0,0.73,0,0,0.73,-2.35,4.16,1.53,5
00:43.5,0,0,0,0,0,0.82,8.83,4.75,8.6
00:43.6,0,0,0,0,0,2,10.08,6.83,9.4
00:43.8,0,0,0,0,0,1.84,10.75,7.88,5.1
00:43.9,0,0,0,0,0,0.75,8.98,7.73,8.8
00:44.0,0,0,0,0,0,2.86,8.36,10.55,9.5
00:44.2,0,0,0,0,0,0.82,9.38,5.81,5.1
00:44.3,0,0,0,0,0,1.02,9.22,5.84,8.8
00:44.4,0,1.68,2.83,2.46,6.98,0.82,9.22,6.04,9.4
00:44.6,1.09,4.04,7.5,5.08,17.71,0.9,9.3,6.08,5
00:44.8,3.19,6.58,22.81,6.74,39.32,1.18,9.69,6.79,8.7
00:44.9,5.8,9.78,31.95,4.8,52.33,1.18,9.14,5.96,9.3
00:45.1,16.98,24.89,36,0,77.87,1.14,9.1,6.51,5.1
00:45.2,23.55,32.13,24.12,0,79.8,2.04,9.45,6.86,8.8
00:45.3,29.71,38.16,5.51,0,73.38,1.73,9.96,7.18,9.3
00:45.5,3.77,21.99,0,0,25.75,0.71,8,9.69,5.1
00:45.6,0,0.74,0,0,0.74,-1.26,5.22,2.47,8.8
00:45.7,0,0,0,0,0,-0.04,7.57,3.92,9.3
00:45.9,0,0,0,0,0,0.67,10.79,8,5
00:46.0,0,0,0,0,0,1.02,9.85,6.98,8.8
00:46.1,0,0,0,0,0,0.24,9.96,10.59,9
00:46.3,0,0,0,0,0,0.71,10.36,3.53,5.1
00:46.4,0,0,0,0,0,0.67,9.53,5.22,8.8
00:46.5,0,0.1,0.32,1.69,2.11,0.39,9.22,5.69,9.4
00:46.7,0,0.76,4.32,4.49,9.58,0.16,9.41,5.81,5.1
00:46.9,0,1.38,18.82,5.53,25.74,-0.2,9.34,5.92,8.8
00:47.0,0,2.25,31.64,5.04,38.93,0,9.34,5.92,9.4
00:47.2,0,4.62,45.6,2.3,52.53,0.08,9.38,6.04,5
00:47.3,0,8.45,49.78,0.03,58.26,2.2,8.75,6.94,8.6
00:47.4,1.02,21.15,33.13,0,55.3,1.33,8.32,6.71,9.4
00:47.6,4.62,24.53,17.66,0,46.8,1.73,8.94,6.51,5
00:47.7,16.74,26.81,18.4,0,61.95,1.14,9.3,6.39,8.8
00:47.8,24.18,27.58,20,0,71.75,1.29,9.49,6.39,9.3
00:48.0,32.8,30.8,4.75,0,68.35,1.69,9.34,6.86,5.1
00:48.1,39.33,33.71,0.97,0,74.01,1.73,9.53,7.18,8.8
00:48.2,37.86,31.16,0,0,69.02,2.04,10.4,7.61,9.4
00:48.4,0.46,1.63,0,0,2.09,1.88,5.41,9.49,4.9
00:48.5,0,0,0,0,0,-0.67,1.49,0.47,8.7
00:48.7,0,0,0,0,0,1.77,6.04,2.08,9.3
00:48.8,0,0,0,0,0,1.92,12.43,8.75,5.1
00:49.0,0,0,0,0,0,2.9,10.24,7.92,8.7
00:49.1,0,0,0,0,0,2.24,9.49,8.39,9.3
00:49.3,0,0,0,0,0,0.47,8.63,5.92,5.1
00:49.4,0,0,0,0,0,0.47,9.49,5.65,8.8
00:49.5,0,0.36,1.9,1.85,4.11,0.75,9.3,5.96,9.4
00:49.7,0,2.52,6.43,4.62,13.58,0.47,9.26,6.04,5
00:49.8,0,5.36,22.04,6.09,33.5,0.59,9.26,6.16,8.8
00:49.9,1.78,8.82,33,3.94,47.55,0.59,9.22,6.28,9.2
00:50.1,4.95,23.07,36.21,0,64.23,1.14,8.98,6.12,5.1
00:50.2,9.01,29.8,25.06,0,63.87,1.29,9.61,6.59,8.8
00:50.3,23.05,34.94,17.02,0,75.01,1.18,8.9,6.98,9.3
00:50.5,31.51,38.59,1.8,0,71.9,1.26,7.69,6.98,5.1
00:50.6,38.91,41.7,0.81,0,81.41,1.37,8.79,7.18,8.8
00:50.7,44.44,44,0.22,0,88.66,1.22,9.53,7.45,9.3
00:50.9,37.73,31.57,0,0,69.3,1.37,8.87,8.08,5
00:51.1,20.69,7.04,0,0,27.74,1.41,8.51,9.02,8.8
00:51.2,0,0.13,0,0,0.13,-2.51,5.14,2.51,8.9
00:51.4,0,0,0,0,0,2.04,10.87,4.67,5.1
00:51.5,0,0,0,0,0,1.77,11.34,8.59,8.8
00:51.6,0,0,0,0,0,0.2,9.96,10.28,9.3
00:51.8,0,0,0,0,0,-0.04,12.43,1.96,5.1
00:51.9,0,0,0,0,0,0.78,9.65,5.1,8.8
00:52.0,0,0,0,1.49,1.49,0.67,9.06,6.04,9.4
00:52.2,0,1.97,1.35,4.1,7.42,1.02,9.22,6.08,5
00:52.3,1.46,4.94,5.43,4.34,16.18,0.94,9.1,6.39,8.5
00:52.4,4.62,8.72,19.03,1.43,33.81,1.02,8.87,6.16,9.5
00:52.6,6.09,20.4,29.96,2.38,58.84,0.78,9.3,6.2,5.1
00:52.7,6.53,23.26,40.13,3.44,73.36,0.63,8.36,5.18,8.8
00:52.8,7.22,26.06,47.76,4.1,85.15,0.78,9.06,6,9.4
00:53.0,8.95,28.47,49.51,3.77,90.7,0.86,9.18,6.35,5
00:53.2,21.48,31.65,45.55,1.11,99.79,1.18,9.41,6.51,8.8
00:53.3,27.87,35.73,27.78,0,91.38,1.41,9.49,6.71,9.3
00:53.5,24.01,28.2,0,0,52.21,0.75,8.79,7.69,5
00:53.6,7.22,6.96,0,0,14.17,1.26,9.02,8.83,8.8
00:53.7,0,1.13,0,0,1.13,-0.71,1.65,4.63,9.3
00:53.9,0,0,0,0,0,1.49,10.75,6.28,5.1
00:54.0,0,0,0,0,0,3.53,10.98,8.39,8.8
00:54.1,0,0,0,0,0,1.45,10.2,7.02,9.3
00:54.3,0,0,0,0,0,0.78,9.14,5.37,5.1
00:54.4,0,0,0,0,0,1.33,9.49,5.65,8.8
00:54.5,0,0,0,0,0,1.18,10.2,3.3,9.4
00:54.7,0,0,0,0,0,0.59,9.26,5.65,5
00:54.8,0,0,0,0.56,0.56,0.67,9.38,5.96,8.7
00:54.9,0,0.88,2.33,3.43,6.65,0.78,9.22,6.04,9
00:55.1,0,3.1,6.73,6.61,16.43,0.98,9.22,6.2,5.1
00:55.3,1.67,5.28,19.99,16.65,43.59,1.06,9.06,5.84,8.8
00:55.4,4.9,7.56,25.92,16.85,55.23,1.41,9.69,6.32,9.4
00:55.6,17.37,20.66,18.03,0,56.06,1.22,9.18,6.63,5
00:55.7,24.52,27.62,7.76,0,59.89,0.78,8,6.75,8.8
00:55.8,29.5,33.46,6.24,0,69.2,1.18,8.36,6.9,9.3
00:56.0,19.86,32.01,2.71,0,54.57,0.86,8,7.14,5
00:56.1,7.93,28.69,1.48,0,38.1,1.18,8.55,7.34,8.8
00:56.2,6.19,26.29,0.35,0,32.82,1.02,8.36,7.65,8.9
00:56.4,4.7,26.81,0,0,31.51,0.63,7.88,8.2,5.1
00:56.5,2.85,22.29,0,0,25.14,0.55,7.49,8.43,8.8
00:56.6,1.48,9.74,0,0,11.21,0.35,7.22,8.67,9.3
00:56.8,0.29,6.28,0,0,6.58,0.51,7.22,8.98,5.1
00:56.9,0,4.03,0,0,4.03,0.47,6.2,8.94,8.8
00:57.0,0.09,4.13,0,0,4.22,0.43,6.47,9.26,9.3
00:57.2,0.76,5.21,0,0,5.97,0.51,6.32,9.41,5
00:57.4,1.09,6.01,0,0,7.1,0.35,6.55,9.69,8.6
00:57.5,1.38,7.33,0,0,8.71,0.67,7.3,9.89,9.4
00:57.7,0,0.23,0,0,0.23,0.12,2.24,4.9,5.1
00:57.8,0,0,0,0,0,3.8,9.49,-0.39,8.8
00:57.9,0,0,0,0,0,1.02,13.14,9.49,9.5
00:58.1,0,0,0,0,0,-6.67,3.73,5.61,5
00:58.2,0,0,0,0,0,1.02,9.73,5.96,8.8
00:58.3,0,0.49,2.65,0,3.14,0.67,9.41,5.96,9.4
00:58.5,0,3.21,7.66,1.35,12.22,0.94,9.26,6.04,5
00:58.6,0.82,6.5,23.48,3.44,34.24,1.06,9.14,6.24,8.6
00:58.7,3.41,9.71,31.84,5.22,50.18,1.06,9.06,6.28,9.3
00:58.9,6.54,20.46,35.52,5.19,67.71,0.86,9.14,6.12,5.1
00:59.0,17.51,22.74,35.91,4.81,80.97,0.98,9.22,6.24,8.8
00:59.1,22.23,24.24,31.59,3.5,81.56,0.86,9.22,6.16,9.3
00:59.3,18.19,5.05,0.4,0,23.65,1.33,9.53,6.59,5.1
00:59.5,0,0,0,0,0,4.28,8.2,5.37,8.8
00:59.6,0,0,0,0,0,-0.63,10.4,2.24,9.3
00:59.8,0,0,0,0,0,-0.67,9.57,5.06,5
00:59.9,0,0,0,0,0,-2.43,10.43,7.77,8.8
01:00.0,0,0,0,0,0,-1.96,8.59,8.79,9.3
01:00.2,0,0,0,0,0,0.27,9.26,6,5.1
01:00.3,0,0,0,0,0,0.43,9.61,5.53,8.8
01:00.4,0,0,2.2,1.92,4.12,0.39,9.53,5.65,9.3
01:00.6,0,0,6.04,5.52,11.56,0.51,9.41,5.81,5.1
01:00.7,0,0,17.92,16.88,34.81,0.51,9.34,5.77,8.8
01:00.8,0,0,23.67,22.28,45.94,0.51,9.38,5.81,9.3
01:01.0,0,0.95,28.29,25.15,54.39,0.71,9.18,5.96,5
01:01.1,0,3.35,34.03,23.21,60.58,0.63,9.14,6.04,8.8
01:01.3,1.49,6.44,39.11,18.72,65.76,0.59,9.06,6.08,8.8
01:01.5,4.16,9.04,39.55,17.6,70.35,0.75,9.18,6.08,5
01:01.6,6.83,19.31,39.78,17.2,83.11,0.78,9.22,6.08,8.8
01:01.7,17.01,21.87,39.89,16.64,95.41,0.71,9.26,6.08,9.3
01:01.9,22.79,25.2,33.1,2.66,83.75,0.9,8.94,6.04,5.1
01:02.0,28.57,28.22,23.97,0,80.75,1.26,9.18,6.39,8.8
01:02.1,34.28,32.15,18.26,0,84.68,1.22,9.3,6.51,9.3
01:02.3,36.6,35.25,3.33,0,75.17,1.26,9.45,7.14,5
01:02.4,31.64,32.14,0,0,63.78,0.67,8.24,7.49,8.6
01:02.5,23.26,22.19,0,0,45.45,0.86,9.45,8.32,9.3
01:02.7,0,1.09,0,0,1.09,-1.73,4.75,-0.12,5.1
01:02.8,0,0,0,0,0,0.27,9.38,4.59,8.8
01:02.9,0,0,0,0,0,1.29,10.47,7.41,9.4
01:03.1,0,0,0,0,0,0.75,8.94,8.75,5.1
01:03.2,0,0,0,0,0,0.08,7.69,9.77,8.8
01:03.3,0,0,0,0,0,1.02,10.43,4.28,9.4
01:03.6,0,0,0,0,0,0.71,9.34,5.84,3.5
01:03.8,0,1.6,0.72,1.32,3.64,0.78,9.26,6,5
01:03.9,1.37,4.49,4.5,3,13.37,0.82,9.1,6.16,8.8
01:04.1,4.55,8.43,17.55,0.88,31.41,0.82,9.45,6.28,9.2
01:04.3,8.6,22.85,8.9,0,40.35,0.9,10.08,6.94,5
01:04.4,23.45,30.21,3.65,0,57.31,0.9,8.2,7.02,8.8
01:04.5,31.85,35.6,0.21,0,67.66,1.22,8.98,7.37,9.2
01:04.7,37.3,36.36,0,0,73.66,1.73,7.88,7.77,5
01:04.8,38.7,31.94,0,0,70.64,0.98,9.34,8.47,8.8
01:04.9,36.68,19.89,0,0,56.58,1.26,6.71,8.9,8.9
01:05.0,33.05,9.22,0,0,42.27,1.29,7.02,9.53,20
01:05.2,0,0.34,0,0,0.34,-0.51,1.88,3.37,5
01:05.3,0,0,0,0,0,-0.08,9.18,3.73,8.8
01:05.4,0,0,0,0,0,1.22,11.65,7.88,9.3
01:05.6,0,0,0,0,0,1.73,8.39,6.71,5
01:05.7,0,0,0,0,0,0.43,9.41,10.75,8.8
01:05.8,0,0,0,0,0,1.41,12.51,-0.08,9.2
01:06.0,0,0,0,0,0,0.55,9.22,5.57,5.1
01:06.1,0,0,0,0.76,0.76,0.75,9.57,5.81,8.5
01:06.2,0,2.19,2.79,2.47,7.45,1.06,9.06,6.12,9.2
01:06.4,2.26,5.33,5.14,0.58,13.32,1.18,9.02,6.16,4.9
01:06.5,6.3,8.92,5.7,0,20.91,1.18,8.16,5.57,8.7
01:06.6,20.27,21.45,6.92,0,48.64,1.37,9.1,6.24,9.2
01:06.8,28.8,26.27,4.84,0,59.9,1.57,9.02,6.43,5.1
01:07.0,36.46,30.28,2.66,0,69.41,1.61,9.53,6.79,8.7
01:07.1,38.72,30.47,0,0,69.19,2.08,10.79,7.34,9.3
01:07.3,7.18,5.46,0,0,12.64,1.14,6.98,10.9,5
01:07.4,0,0,0,0,0,1.53,1.29,-0.04,8.5
01:07.5,0,0,0,0,0,1.61,7.77,4.12,9.3
01:07.7,0,0,0,0,0,2.63,11.38,7.14,4.9
01:07.8,0,0,0,0,0,2.71,9.38,6,8.8
01:07.9,0,0,0,0,0,0.94,9.14,7.88,9.3
01:08.1,0,0,0,0,0,0.2,10.32,4.28,5
01:08.2,0,0,0,0,0,0.82,9.34,5.65,8.8
01:08.3,0,0,0,1.73,1.73,0.47,9.34,5.77,9.3
01:08.5,0,1.47,3.19,4.78,9.44,0.9,9.41,6,5
01:08.7,0.72,4.31,7.84,5.58,18.45,0.9,9.14,6.12,8.5
01:08.8,3.75,8.29,23.58,1.73,37.35,0.9,9.73,7.22,9.3
01:09.0,7.63,22.44,26.4,0,56.47,0.94,9.3,6.75,4.9
01:09.1,20.1,30.18,23.11,0,73.39,0.63,8.55,6.94,8.7
01:09.2,24.46,38.1,20.34,0,82.9,0.43,8.79,7.3,9.3
01:09.4,8.15,41.94,2.31,0,52.4,0.35,9.26,8.12,5
01:09.5,2.5,32.27,0,0,34.77,-0.55,6.98,9.3,8.7
01:09.6,0,8.23,0,0,8.23,-0.12,7.49,10.59,9.3
01:09.8,0,0,0,0,0,-0.04,7.02,0.71,5
01:09.9,0,0,0,0,0,1.53,10.2,5.3,8.5
01:10.0,0,0,0,0,0,1.8,12.36,10.24,9.3
01:10.2,0,0,0,0,0,0.98,9.38,9.18,5
01:10.4,0,0,0,0,0,2,7.77,13.42,8.8
01:10.5,0,0,0,0,0,0.75,9.18,5.37,9.3
01:10.7,0,0.05,0,1.22,1.28,0.67,9.14,6.16,5
01:10.8,0,2.31,0.94,3.83,7.07,0.67,9.26,5.96,8.8
01:10.9,1.3,5.71,5.15,2.86,15.02,0.82,9.26,6.39,9.2
01:11.1,3.85,18.69,18.93,0,41.47,0.39,8.75,7.22,5
01:11.2,5.52,27.92,23.38,0,56.81,-0.08,8.12,7.1,8.6
01:11.3,6.87,38.06,22.01,0,66.95,-0.04,8.16,7.45,9.1
01:11.5,6.73,46.57,8.18,0,61.48,-0.16,8.83,8.24,4.9
01:11.6,3.55,47.2,0,0,50.76,0.63,11.14,8.9,8.8
01:11.7,0.07,17.57,0,0,17.64,-0.35,4.31,10.08,9.1
01:11.9,0,0.64,0,0,0.64,1.61,7.96,4.79,5
01:12.1,0,0.14,0,0,0.14,1.92,10.67,7.61,8.8
01:12.2,0,0.14,0,0,0.14,0.75,10.94,9.57,9.2
01:12.4,0,0,0,0,0,1.49,8.71,10.16,5
01:12.5,0,0,0,0,0,1.37,10.79,3.77,8.5
01:12.6,0,0,0,0,0,0.75,9.38,5.57,9.2
01:12.8,0,0.53,0.45,1.18,2.16,1.14,9.26,6.2,5
01:12.9,0.06,3.28,4.14,2.19,9.68,1.14,9.06,6.32,8.8
01:13.0,2.82,7.02,16.97,0.12,26.94,0.98,8.9,6.43,9.2
01:13.2,6.59,19.67,22.92,0,49.18,1.45,8.94,6.59,5.1
01:13.3,19.52,25.87,19.48,0,64.86,1.33,8.87,6.63,8.7
01:13.4,26.82,30.93,7.52,0,65.27,1.84,9.61,6.83,9.3
01:13.6,31.02,35.29,0.64,0,66.94,1.26,8.94,7.65,5
01:13.8,28.16,36.6,0,0,64.77,1.33,10.51,8.28,8.5
01:13.9,19.06,26.24,0,0,45.29,1.06,8.51,9.02,9.2
01:14.1,0,0,0,0,0,-2.51,5.33,0.04,5
01:14.2,0,0,0,0,0,-0.27,10.28,4.16,8.8
01:14.3,0,0,0,0,0,1.57,11.73,8.47,9.1
01:14.5,0,0,0,0,0,-2.24,9.49,12.08,5
01:14.6,0,0,0,0,0,2.43,6.28,6.86,8.8
01:14.7,0,0,0,0,0,0.67,8.98,5.81,8.9
01:14.9,0,0,0,1.17,1.17,0.63,9.26,5.96,5.1
01:15.0,0,1.55,1.3,4.37,7.22,0.43,9.3,6,8.5
01:15.1,0.54,3.81,5.49,7.09,16.93,0.75,9.14,6,9.2
01:15.3,3.28,6.99,18.84,4.64,33.75,0.59,10.12,6.75,5
01:15.5,7.33,18.8,22.34,0.38,48.84,1.53,8.63,6.71,8.8
01:15.6,21.84,25.17,17.33,0,64.34,1.45,9.77,6.79,9.3
01:15.8,28.98,31.38,3.26,0,63.63,0.9,8.2,7.3,5
01:15.9,28.91,34.79,0,0,63.7,1.26,10.59,8.08,8.8
01:16.0,18.96,24.02,0,0,42.98,1.22,8.83,8.75,9.3
01:16.2,0,0,0,0,0,-0.24,5.3,2,5
01:16.3,0,0,0,0,0,0.31,8.51,6.16,8.5
01:16.4,0,0,0,0,0,1.06,10.47,8.67,9.3
01:16.6,0,0,0,0,0,0.67,8.75,7.3,4.9
01:16.7,0,0,0,0,0,0.63,9.38,8.39,8.8
01:16.8,0,0,0,0,0,2.31,9.57,10.43,9.3
01:17.0,0,0,0,0,0,0.47,8.9,5.84,5
01:17.1,0,0,0,0,0,0.78,9.73,6.83,8.8
01:17.3,0,1.76,2.56,2.81,7.12,0.63,9.14,5.84,9.3
01:17.5,1.01,4.35,7.13,5.4,17.89,0.78,9.1,6.16,5
01:17.6,3.44,7.57,22.57,5.56,39.14,0.78,9.1,6.35,8.8
01:17.7,6.48,20.67,32.43,0.78,60.36,1.06,8.94,6.51,8.9
01:17.7,17.18,27.62,39.02,0,83.83,0.59,9.1,6.59,20
01:17.9,22.92,34.19,20.61,0,77.71,1.37,9.38,7.22,5
01:18.0,25.83,39.51,4.47,0,69.82,0.71,8.83,7.65,8.8
01:18.2,20.83,40.17,0,0,61,1.57,10.71,8.47,9.3
01:18.4,0,0.47,0,0,0.47,-3.06,0.31,0.24,5
01:18.5,0,0,0,0,0,1.33,7.88,2.35,8.8
01:18.6,0,0,0,0,0,2.39,12,7.73,9.3
01:18.8,0,0,0,0,0,1.61,10.51,7.77,5
01:18.9,0,0,0,0,0,1.1,9.61,8.79,8.8
01:19.0,0,0,0,0,0,1.37,5.37,8.04,9.2
01:19.2,0,0,0,0,0,0.86,9.81,4.86,5
01:19.3,0,0,0,0,0,0.31,9.3,5.73,8.8
01:19.4,0,0.02,1.77,2.95,4.74,0.31,9.45,5.65,9.3
01:19.6,0,2.45,6.4,3.74,12.6,0.55,9.26,6.04,5
01:19.7,0.29,5.84,20.26,2.01,28.4,1.69,8.79,6.47,8.8
01:19.9,3.35,9.76,24.73,0,37.84,1.33,8.83,6.98,9.1
01:20.0,7.81,23.25,18.22,0,49.28,1.45,9.18,6.71,5.1
01:20.2,22.62,27.75,4.71,0,55.09,1.49,9.02,6.83,8.5
01:20.3,30.2,30.6,0.82,0,61.62,1.57,8.98,7.22,9.1
01:20.5,27.81,20.02,0,0,47.84,0.78,10.32,8.32,5
01:20.6,8.74,4.58,0,0,13.32,2.59,7.22,11.22,8.8
01:20.7,0,0,0,0,0,1.06,-3.73,0.67,9.2
01:20.9,0,0,0,0,0,2.59,11.02,6.12,4.9
01:21.0,0,0,0,0,0,2.43,11.81,7.02,8.8
01:21.1,0,0,0,0,0,3.1,10.75,7.57,9.2
01:21.3,0,0,0,0,0,6.39,21.06,10.9,5
01:21.4,0,0,0,0,0,1.14,9.53,5.14,8.6
01:21.5,0,0,0,0,0,0.39,9.26,5.77,9.2
01:21.8,0,1.07,0.51,2.48,4.06,0.86,9.06,6.2,4.8
01:21.9,0,3.83,4.12,3.56,11.5,0.9,8.98,6.04,8.8
01:22.0,2.93,7.6,8.15,0.01,18.68,1.18,9.14,6.35,9.2
01:22.2,6.82,21.52,1.58,0,29.92,0.35,8.08,7.3,5
01:22.3,18.01,28.57,0,0,46.58,0.63,7.85,7.81,8.8
01:22.4,21.49,33.76,0,0,55.25,0.78,6.51,8.24,9.2
01:22.6,23.66,30.56,0,0,54.22,0.47,12.79,10.04,5
01:22.7,6.1,6.7,0,0,12.8,3.22,4.55,11.22,8.5
01:22.8,0,0,0,0,0,0.16,-9.96,2.59,9.2
01:23.0,0,0,0,0,0,1.53,11.49,7.02,5
01:23.1,0,0,0,0,0,2.08,13.1,10.04,8.8
01:23.3,0,0,0,0,0,2.24,10.4,8.71,9.2
01:23.4,0,0,0,0,0,10.51,13.93,14.55,5.1
01:23.6,0,0,0,0,0,0.47,9.77,4.59,8.8
01:23.7,0,0.23,0,0,0.23,0.63,9.26,5.18,9.2
01:23.9,0.23,2.42,0.16,2.56,5.36,0.67,9.1,5.96,5.1
01:24.2,3.22,6.39,0.79,0,10.4,0.86,9.18,7.57,3.4
01:24.4,5.43,19.92,0,0,25.35,0.43,6.71,8.04,4.9
01:24.5,7.18,28.02,0,0,35.2,0.31,6.86,8.55,8.6
01:24.6,8.57,34.85,0,0,43.42,0.47,7.61,8.98,9.3
01:24.8,8.96,35.96,0,0,44.93,1.26,14.08,11.06,5
01:24.9,0,2.05,0,0,2.05,0.71,2.94,11.22,8.8
01:25.0,0,0,0,0,0,1.37,-9.49,-1.77,9.2
01:25.2,0,0,0,0,0,1.84,10.67,7.06,5
01:25.3,0,0,0,0,0,1.57,13.18,9.45,8.7
01:25.4,0,0,0,0,0,2.59,10.43,9.73,9
01:25.5,0,0,0,0,0,2.24,10.04,9.77,20
01:25.7,0,0,0,0,0,0.67,9.81,3.26,5
01:25.8,0,0,0,0,0,0.67,8.75,5.77,8.6
01:25.9,0,0.3,0,1.76,2.06,0.39,8.67,6.12,9.3
01:26.1,0,1.57,1.23,4.95,7.74,0.27,9.34,6,5
01:26.2,0,3.48,5.71,5.17,14.36,0.39,9.22,6.32,8.6
01:26.3,0,6.12,21.7,2.41,30.23,-0.12,8.79,6.35,9.2
01:26.5,0,17.98,31.96,0,49.94,1.14,9.3,6.35,5
01:26.7,1.02,25.13,36.44,0,62.59,1.29,9.73,6.79,8.3
01:26.8,3.36,32.32,31.13,0,66.81,0.63,8.9,7.18,9.3
01:27.0,4.47,39.2,17.28,0,60.96,0.16,7.69,7.69,4.9
01:27.1,5.95,44.28,5.17,0,55.4,0,8.04,7.88,8.6
01:27.2,7.83,47.28,2.53,0,57.64,1.02,8.36,8,8.9
01:27.4,6.07,46.91,0,0,52.97,0.08,11.02,9.3,5
01:27.5,2.65,25.32,0,0,27.96,0.75,8.28,10.08,8.6
01:27.6,0,2.71,0,0,2.71,-0.04,3.96,11.45,9.3
01:27.8,0,0,0,0,0,1.45,9.22,5.41,5
01:27.9,0,0,0,0,0,1.37,11.18,8.16,8.3
01:28.1,0,0,0,0,0,2.43,12.04,8.59,9.3
01:28.3,0,0,0,0,0,3.45,8.43,12.71,5
01:28.4,0,0,0,0,0,0.82,9.65,5.26,8.6
01:28.5,0,0,0,0.3,0.3,0.59,9.3,5.53,9.3
01:28.7,0,1.63,0.29,3.29,5.22,1.22,9.1,6.39,5
01:28.8,0,4.42,3.72,3.59,11.72,0.98,9.22,6.43,8.5
01:28.9,2.19,8.35,7.48,0,18.02,1.02,9.06,6.32,9.3
01:29.1,6.11,22.36,4.59,0,33.07,1.41,9.41,6.75,5
01:29.2,17.82,28.16,0,0,45.98,1.22,8.12,7.45,8.3
01:29.3,21.02,30.84,0,0,51.86,1.65,7.81,7.81,9.3
01:29.5,19.56,28.46,0,0,48.02,1.14,9.57,9.26,4.9
01:29.6,7.41,9.75,0,0,17.16,2.35,8.16,9.49,8.6
01:29.8,0,2.98,0,0,2.98,-0.43,2.82,10.55,9.3
01:30.0,0,0,0,0,0,0.86,7.73,6.35,5
01:30.1,0,0,0,0,0,1.53,10,10.67,8.6
01:30.2,0,0,0,0,0,4.35,12.04,14.51,9.3
01:30.4,0,0,0,0,0,1.33,9.14,6.12,5
01:30.5,0,1.62,0,0,1.62,0.9,9.53,5.92,8.4
01:30.6,0.3,3.54,1.6,0,5.44,1.14,9.14,6,9.2
01:30.8,2.06,5.12,4.85,1.18,13.22,1.06,9.22,6,5
01:30.9,3.47,6.11,8.22,3,20.8,1.06,9.22,5.92,8.5
01:31.0,3.94,6.32,19.36,4.5,34.12,1.1,9.18,5.92,9.3
01:31.2,1.87,5.49,20.87,5.97,34.19,1.06,9.22,5.96,5
01:31.4,0.74,4.24,20.65,7.21,32.84,1.06,9.26,5.96,8.6
01:31.5,0.62,3.34,18.85,8.08,30.89,1.06,9.3,5.92,9.2
01:31.7,0,2.56,17.51,8.56,28.62,0.98,9.26,5.88,5
01:31.8,0,1.97,17.14,8.81,27.92,1.06,9.26,6,8.4
01:31.9,0.14,2.4,16.96,8.66,28.16,1.06,9.22,6,9.3
01:32.1,0.25,2.81,17.24,8.58,28.88,1.1,9.22,5.92,4.9
01:32.2,0.48,3.21,17.91,8.97,30.57,1.18,9.26,6.08,8.6
01:32.3,0.73,3.45,18.25,8.81,31.24,0.98,9.18,6.04,9.2
01:32.5,1.14,4.18,19.91,8.19,33.43,1.1,9.18,6.08,5
01:32.6,2.07,5.47,23.03,7.78,38.35,1.1,9.14,6.04,8.5
01:32.7,3.37,7.07,26.55,7.52,44.52,1.14,9.1,6.12,9.3
01:32.9,5.79,8.99,30.46,8,53.24,1.1,9.18,6.16,5
01:33.1,7.95,17.57,33.16,8.38,67.06,0.98,9.22,6.24,8.4
01:33.2,17.27,18.22,34.67,8.86,79.02,1.02,9.22,6.08,9.2
01:33.4,17.88,9.41,31.41,8.75,67.46,0.98,9.22,6.08,5
01:33.5,8.63,7.75,23.46,7.55,47.39,1.02,9.26,6,8.6
01:33.6,5.46,5.17,8.16,5.45,24.24,1.02,9.3,6,9.2
01:33.8,0,0,0,0,0,1.1,9.53,5.88,4.9
01:33.9,0,0,0,0,0,-2.94,10.16,3.92,8.6
01:34.0,0,0,0,0,0,1.88,10.04,4.9,9.3
01:34.2,0,0,0,0,0,3.73,16.28,5.81,5
01:34.3,0,0,0,0,0,0.98,9.34,5.92,8.3
01:34.5,0,0.17,0,0.07,0.24,0.9,9.14,5.69,9.3
01:34.7,0.79,1.97,2.94,2.86,8.57,0.9,9.22,5.96,4.9
01:34.8,1.75,3.73,7.18,6.04,18.7,0.9,9.3,6.08,8.6
01:34.9,0.41,3.52,17.33,6.58,27.83,0.86,9.49,5.92,9.2
01:35.1,0,0.01,2.98,0,2.99,7.73,9.85,3.84,5
01:35.2,0,0,0,0,0,0.51,9.02,6.24,8.6
01:35.3,0,0,0,0,0,0.35,9.26,6.04,9.2
01:35.5,0,0,0,0,0,1.57,9.69,4.59,5
01:35.6,0,0,0,0,0,0.98,9.73,5.3,8.3
01:35.7,0,0,0.69,0,0.69,0.82,9.18,5.61,9.3
01:35.9,0,0,2.88,0.68,3.57,0.94,9.41,5.53,4.9
01:36.1,0,0,5,1.86,6.85,0.9,9.38,5.53,8.6
01:36.2,0,0.16,6.98,2.7,9.84,0.75,9.38,5.61,9.3
01:36.4,0,0.13,8.38,2.95,11.47,0.75,9.45,5.65,5
01:36.5,0,0,8.23,2.64,10.87,0.78,9.38,5.65,8.6
01:36.6,0,0,6.98,1.84,8.81,0.86,9.34,5.69,9.2
01:36.8,0,0,6.64,1.24,7.88,0.75,9.41,5.77,5
01:36.9,0,0,6.62,0.92,7.54,0.78,9.34,5.81,8.6
01:37.0,0,0,5.69,0.49,6.18,0.75,9.3,5.81,8.9
01:37.1,0,0,4.94,0.22,5.16,0.71,9.34,5.84,20
01:37.3,0,0,1.68,0,1.68,0.78,9.34,5.77,4.9
01:37.4,0,0,0.47,0,0.47,0.82,9.34,5.69,8.6
01:37.5,0,0,0.2,0,0.2,0.71,9.34,5.77,9.1
01:37.7,0,0,0.32,0,0.32,0.67,9.45,5.69,5
01:37.8,0,0,0.57,0,0.57,0.82,9.34,5.84,8.6
01:37.9,0,0,2,0,2,0.78,9.3,5.81,9.2
01:38.1,0,0,3.97,0,3.97,0.63,9.3,5.77,5
01:38.2,0,0.2,6.35,0,6.55,0.82,9.14,5.61,8.3
01:38.3,0,0.98,8.64,0.49,10.1,0.71,9.34,5.81,9.3
01:38.5,0,1.68,18.64,1.11,21.43,0.71,9.34,5.81,4.9
01:38.7,0,1.62,18.77,1.55,21.94,0.78,9.41,5.88,8.6
01:38.8,0,0.95,16.97,1.67,19.59,0.82,9.26,5.88,9.1
01:39.0,0,0.09,6.8,1.04,7.92,0.75,9.34,5.84,5
01:39.1,0,0,6.26,0.5,6.76,0.75,9.3,5.84,8.6
01:39.2,0,0.18,6.58,0.08,6.84,0.67,9.49,6,9.3
01:39.4,0,0.41,6.45,0.01,6.86,0.78,9.18,5.84,5
01:39.5,0,0.5,6.33,0.18,7.01,0.78,9.3,5.88,8.4
01:39.6,0,0.65,6.47,0.4,7.52,0.63,9.38,5.77,9.1
01:39.8,0,0.43,5.89,0.53,6.85,0.75,9.53,5.88,5
01:39.9,0,0.14,4.92,0.6,5.66,0.75,9.38,5.88,8.5
01:40.1,0,0.03,4.88,0.74,5.65,0.78,9.45,6,8.9
01:40.3,0,0.3,6.34,1.37,8.01,0.71,9.18,6,5
01:40.4,0,0.7,8.16,2.27,11.13,0.67,9.34,6.12,8.6
01:40.5,0,1.1,17.61,3.21,21.93,0.63,9.22,5.88,9.1
01:40.7,0,1.58,20.17,4.2,25.95,0.67,9.22,6.08,5
01:40.8,0,2.05,22.22,4.94,29.21,0.27,9.41,5.73,8.3
01:40.9,0.28,2.45,24,4.98,31.7,0.71,9.38,5.96,9.2
01:41.1,1.86,4.45,25.2,0,31.51,0.75,9.61,6.24,5
01:41.2,3.31,6.29,6.57,0,16.17,0.04,9.73,6.39,8.6
01:41.3,3.62,7.07,3.78,0,14.46,-0.86,8.67,6.35,9.1
01:41.5,1.76,7.31,1.67,0,10.74,1.06,8.9,7.57,5
01:41.7,0.87,7.79,0.11,0,8.77,0.55,7.65,7.81,8.5
01:41.8,0.71,8.22,0,0,8.93,0.12,8.36,7.65,9.1
01:42.0,0.57,7.41,0,0,7.98,0.35,8.08,7.69,5
01:42.1,0.3,6.6,0,0,6.9,0.78,8.2,7.81,8.4
01:42.2,0.06,5.64,0,0,5.7,0.71,7.65,7.61,9.2
01:42.4,0.09,5.19,0,0,5.28,0.39,8.39,7.65,4.9
01:42.5,0.32,5.33,0,0,5.65,0.86,8.08,7.73,8.6
01:42.6,0.52,5.5,0,0,6.02,0.71,8.28,7.73,9.1
01:42.8,0.55,5.22,0,0,5.77,0.78,7.61,7.96,5
01:42.9,0.64,5.12,0,0,5.76,0.86,7.81,8.43,8.6
01:43.0,0.7,5.13,0,0,5.83,0.94,7.1,8.47,9.2
01:43.2,0.57,5.04,0,0,5.62,0.98,7.37,8.75,5
01:43.4,0.59,5.19,0,0,5.78,0.67,7.18,8.83,8.6
01:43.5,0.51,5.29,0,0,5.81,1.49,6.32,8.98,9
01:43.6,0.45,5.38,0,0,5.83,0.94,7.53,8.94,9.1
01:43.8,0.73,5.07,0,0,5.8,1.1,7.3,9.06,5
01:43.9,1.02,5.04,0,0,6.06,0.75,7.34,8.75,8.6
01:44.0,1.28,5.16,0,0,6.43,0.51,7.18,8.63,9.3
01:44.2,1.49,5.41,0,0,6.9,0.47,7.26,8.71,5
01:44.3,1.41,5.44,0,0,6.86,0.71,6.9,8.51,8.7
01:44.4,1.35,5.19,0,0,6.54,0.67,7.14,8.83,9.3
01:44.6,1.25,4.38,0,0,5.64,1.1,6.12,8.55,5
01:44.8,1.55,4.49,0,0,6.04,0.98,5.96,8.98,4.9
01:44.9,1.77,4.63,0,0,6.4,1.06,6.35,9.34,20
01:45.1,2.05,5.19,0,0,7.23,0.43,6.83,8.83,5
01:45.2,2.18,5.71,0,0,7.88,0.43,6.79,9.26,8.6
01:45.3,2.11,6.3,0,0,8.41,0.59,6.71,9.14,9.1
01:45.5,1.84,6.76,0,0,8.6,0.63,7.1,9.1,5
01:45.6,1.48,6.78,0,0,8.26,1.26,6.83,9.49,8.6
01:45.7,1.34,6.83,0,0,8.17,0.43,5.77,9.49,9
01:45.9,1.2,7.18,0,0,8.38,0.86,6.39,9.18,5
01:46.1,1.15,7.51,0,0,8.67,0.39,6.35,9.69,8.4
01:46.2,1.09,7.85,0,0,8.94,1.65,5.69,9.92,9
01:46.4,0.96,7.65,0,0,8.6,0.98,5.69,9.65,4.9
01:46.5,1.32,8.37,0,0,9.69,0.94,5.3,10.32,8.7
01:46.6,1.32,8.76,0,0,10.08,0.43,5.92,9.65,9
01:46.8,1.32,8.6,0,0,9.91,0.55,6.28,9.49,5
01:46.9,1.21,8.28,0,0,9.49,0.51,6.08,9.38,8.7
01:47.0,1.24,8.13,0,0,9.36,0.59,6.43,9.45,8.8
01:47.2,1.34,8.22,0,0,9.56,0.75,6.32,9.53,5
01:47.3,1.44,8.5,0,0,9.94,-0.04,6.32,9.61,8.7
01:47.5,1.46,9.22,0,0,10.68,0.94,6.35,9.61,8.8
01:47.5,1.41,9.69,0,0,11.1,0.71,6.43,9.49,20
01:47.7,1.14,17.58,0,0,18.73,0.63,4.39,10.9,4.8
01:47.8,1.31,18.1,0,0,19.4,0.04,6,10.51,8.6
01:47.9,1.53,17.98,0,0,19.52,0.47,4.39,9.85,9
01:48.1,0.95,8.52,0,0,9.47,0.75,4.59,10.04,5
01:48.3,0.7,7.39,0,0,8.09,0.78,4.98,10.4,8.6
01:48.4,0.43,6.18,0,0,6.61,0.39,4.47,10.2,9.1
01:48.6,0.21,4.8,0,0,5.01,0.94,4.9,10.32,5
01:48.7,0.36,4.7,0,0,5.07,0.59,4.79,9.69,8.3
01:48.8,0.57,5.04,0,0,5.6,0.27,5.73,9.06,8.8
01:49.0,0.8,5.48,0,0,6.28,0.86,6.83,9.38,5
01:49.1,1.08,5.55,0,0,6.63,-0.31,5.77,9.02,8.6
01:49.2,1.08,5.15,0,0,6.23,1.26,6.59,9.14,9
01:49.4,1.07,4.63,0,0,5.71,-0.08,6.59,9.89,5
01:49.5,1.02,4.91,0,0,5.93,1.37,6.59,9.49,8.6
